﻿<?xml version="1.0" encoding="UTF-8"?>
<prefab>
  <property name="CopyAirBlocks" value="True" />
  <property name="ExcludeDistantPOIMesh" value="False" />
  <property name="ExcludePOICulling" value="False" />
  <property name="DistantPOIYOffset" value="0" />
  <property name="AllowTopSoilDecorations" value="False" />
  <property name="DifficultyTier" value="5" />
  <property name="ShowQuestClearCount" value="1" />
  <property name="TraderArea" value="False" />
  <property name="PrefabSize" value="73, 194, 76" />
  <property name="RotationToFaceNorth" value="2" />
  <property name="Zoning" value="none" />
  <property name="YOffset" value="-7" />
  <property name="SleeperVolumeSize" value="11, 3, 8#5, 2, 14#30, 6, 36#31, 4, 37#42, 6, 25#17, 6, 47#22, 4, 20#11, 3, 10#2, 2, 1#13, 5, 24#13, 4, 4#1, 1, 1#7, 4, 13#6, 4, 4#2, 2, 2#16, 5, 16#2, 2, 5#10, 3, 7#6, 2, 5#4, 2, 11#10, 3, 7#15, 3, 5#22, 3, 12#5, 3, 4#5, 5, 6#12, 4, 15#9, 3, 8#8, 6, 2#5, 3, 8#20, 4, 20#21, 4, 17#18, 3, 14#12, 4, 4#7, 2, 6#8, 4, 6#18, 6, 17#7, 4, 4#2, 2, 1#3, 2, 2#6, 4, 2#18, 5, 16#12, 7, 3#2, 7, 9#4, 5, 3#2, 7, 5#6, 4, 2#3, 2, 4#3, 2, 2#2, 2, 2#20, 5, 14#4, 3, 4#1, 2, 1#11, 6, 4#7, 4, 6#7, 4, 4#18, 4, 16#4, 4, 3#12, 4, 3#1, 4, 10#2, 2, 2#8, 4, 10#2, 2, 1#8, 5, 10#18, 4, 10#12, 4, 3#8, 4, 6#9, 4, 5#6, 3, 6#6, 4, 7#5, 6, 2#5, 3, 2#7, 4, 21#11, 4, 12#5, 4, 3#18, 4, 10#1, 1, 1#18, 5, 5#7, 4, 6#1, 2, 3#5, 3, 2#9, 4, 7#19, 4, 7#5, 6, 7#10, 4, 5#9, 4, 5#7, 3, 5#3, 3, 4#7, 4, 11#10, 4, 5#4, 3, 6#5, 5, 8#5, 3, 4#7, 4, 18#4, 4, 3#11, 3, 6#3, 3, 8#10, 5, 3#2, 4, 1#5, 3, 5#10, 5, 10#9, 4, 26#12, 4, 11#6, 4, 7#1, 2, 1#13, 4, 3#9, 4, 8#3, 2, 7#3, 2, 5" />
  <property name="SleeperVolumeStart" value="21, 1, 31#36, 1, 34#2, 7, 37#1, 7, 2#28, 7, 48#54, 7, 1#32, 7, 2#21, 1, 39#33, 1, 39#40, 7, 25#40, 7, 21#53, 12, 46#33, 7, 28#33, 7, 23#33, 7, 28#33, 14, 23#33, 13, 39#41, 14, 39#40, 18, 41#49, 18, 25#43, 22, 40#33, 22, 36#32, 22, 23#48, 22, 35#49, 28, 33#33, 27, 23#44, 26, 39#35, 24, 39#49, 27, 23#33, 37, 23#33, 42, 23#34, 53, 27#33, 53, 23#34, 58, 35#45, 53, 41#35, 69, 26#46, 69, 43#42, 85, 44#38, 81, 45#46, 85, 45#35, 85, 26#33, 85, 23#33, 84, 26#49, 85, 23#33, 68, 27#47, 87, 42#54, 85, 28#39, 97, 45#43, 101, 43#33, 101, 27#49, 101, 23#35, 102, 27#33, 101, 23#46, 101, 41#46, 117, 42#35, 117, 26#49, 117, 23#33, 117, 23#34, 117, 26#51, 119, 31#45, 122, 26#51, 124, 32#45, 127, 26#34, 133, 26#33, 133, 23#36, 133, 36#44, 133, 36#47, 133, 41#47, 137, 40#51, 131, 20#38, 147, 45#46, 149, 26#35, 149, 29#35, 149, 26#35, 154, 26#34, 158, 26#35, 154, 36#46, 154, 41#33, 172, 44#37, 168, 43#43, 165, 35#33, 165, 28#48, 164, 23#34, 165, 23#34, 170, 22#46, 165, 42#33, 172, 28#34, 176, 30#42, 176, 32#49, 177, 36#48, 176, 23#40, 181, 39#46, 184, 26#49, 183, 23#35, 184, 30#32, 184, 28#41, 182, 44#50, 185, 45#49, 189, 43#41, 189, 37#32, 189, 22#41, 189, 25#56, 189, 33#62, 189, 30#41, 189, 22#35, 165, 35#20, 1, 33#20, 1, 42" />
  <property name="SleeperVolumeGroupId" value="20,0,1,1,1,1,1,20,20,2,2,2,2,3,3,4,4,4,4,4,5,5,5,5,5,5,5,5,5,7,7,8,8,8,8,9,9,10,10,0,11,11,11,11,9,11,11,12,12,13,13,13,13,13,14,14,14,14,14,15,15,16,16,17,17,17,17,17,17,17,18,18,18,18,19,19,19,19,31,31,33,33,33,33,33,33,24,24,24,24,24,25,25,25,25,25,25,26,26,26,26,26,26,26,26,33,20,20" />
  <property name="SleeperVolumeGroup" value="GroupAllInfernal,22,38,GroupSpecialInfected,3,9,GroupZomSoldier,6,17,GroupGenericZombie,5,22,GroupZomSoldier,8,26,GroupGenericZombie,4,16,GroupZomSoldier,4,12,GroupAllCharged,25,40,GroupGenericZombie,0,0,GroupGenericZombie,16,20,zombieNurse,2,2,ZomSpiderOnly,1,1,GroupLabWorker,10,12,GroupZomSoldier,7,10,GroupGenericZombie,0,0,ZomBusinessman,13,17,GroupGenericZombie,0,0,GroupLabWorker,5,7,ZomBusinessman,3,3,ZomUtilityWorker,5,6,GroupGenericZombie,5,10,GroupLabWorker,5,7,GroupGenericZombie,10,18,GroupAllFeral,2,2,GroupGenericZombie,3,4,GroupGenericZombie,10,16,GroupGenericZombie,5,8,GroupGenericZombie,2,3,GroupGenericZombie,3,4,ZomUtilityWorker,18,26,ZomUtilityWorker,15,20,GroupHospital,16,24,GroupGenericZombie,5,7,zombieSoldierFeralGroup,6,9,GroupGenericZombie,0,0,GroupGenericZombie,27,47,GroupGenericZombie,0,0,zombieSteveCrawlerFeral,1,2,GroupGenericZombie,0,0,ZomUtilityWorker,5,6,ZomUtilityWorker,20,29,ZomUtilityWorker,5,5,ZomUtilityWorker,2,3,GroupGenericZombie,2,3,GroupSpecialInfected,3,3,ZomUtilityWorker,3,3,GroupGenericZombie,0,0,GroupGenericZombie,0,0,GroupZomSoldier,1,2,GroupGenericZombie,25,45,GroupGenericZombie,1,2,zombiePartyGirlRadiated,1,1,GroupGenericZombie,6,7,GroupGenericZombie,0,0,GroupGenericZombie,0,0,GroupLabWorker,22,31,GroupGenericZombie,1,2,GroupLabWorker,3,3,GroupGenericZombie,2,2,GroupGenericZombie,0,0,GroupLabWorker,8,13,GroupGenericZombie,0,0,GroupGenericZombie,7,9,GroupGenericZombie,20,31,GroupGenericZombie,5,5,GroupGenericZombie,9,12,GroupGenericZombie,6,6,GroupGenericZombie,5,5,GroupGenericZombie,8,11,GroupGenericZombie,0,0,GroupGenericZombie,0,0,GroupGenericZombie,10,15,GroupGenericZombie,12,25,GroupGenericZombie,1,2,GroupGenericZombie,15,19,zombieSpiderCharged,1,1,GroupGenericZombie,10,13,GroupZomSoldier,10,19,zombieFatHawaiianRadiated,2,2,GroupGenericZombie,0,0,GroupLabWorker,3,8,GroupZomSoldier,5,13,GroupSpecialInfected,3,6,GroupSpecialInfected,4,7,GroupSpecialInfected,2,6,GroupGenericZombie,3,10,GroupGenericZombie,4,10,GroupLabWorker,4,5,GroupLabWorker,3,4,zombieWightCharged,1,1,GroupSpecialInfected,4,8,GroupGenericZombie,5,11,GroupZomSoldier,4,8,GroupSpecialInfected,3,6,GroupLabWorker,3,4,GroupSpecialInfected,3,5,zombieDemolition,1,2,GroupGenericZombie,0,0,GroupZomSoldier,1,2,GroupZomSoldier,6,12,GroupZomSoldier,9,18,GroupLabWorker,8,17,ZomBusinessman,3,5,zombieScreamer,1,1,zombieJanitor,3,4,GroupHospital,3,9,zombieFrostclawInfernal,1,2,zombiePlagueSpitterCharged,1,2" />
  <property name="SleeperIsLootVolume" value="False,False,False,False,False,False,False,False,False,False,False,False,False,False,False,False,False,False,False,False,False,False,False,False,False,False,False,False,False,False,False,False,False,False,False,False,False,False,False,False,False,False,False,False,False,False,False,False,False,False,False,False,False,False,False,False,False,False,False,False,False,False,False,False,False,False,False,False,False,False,False,False,False,False,False,False,False,False,False,False,False,False,False,False,False,False,False,False,False,False,False,False,False,False,False,False,False,False,False,False,False,False,False,False,False,False,False,False" />
  <property name="SleeperIsQuestExclude" value="False,False,False,False,False,False,False,False,False,False,False,False,False,False,False,False,False,False,False,False,False,False,False,False,False,False,False,False,False,False,False,False,False,False,False,False,False,False,False,False,False,False,False,False,False,False,False,False,False,False,False,False,False,False,False,False,False,False,False,False,False,False,False,False,False,False,False,False,False,False,False,False,False,False,False,False,False,False,True,False,False,False,False,False,False,False,False,False,False,False,False,False,False,False,False,False,False,False,False,False,False,False,False,False,False,False,False,False" />
  <property name="SleeperVolumeFlags" value="0,0,4,4,4,4,4,0,0,0,0,2,0,0,0,0,0,0,0,0,0,0,0,0,0,0,0,0,0,0,0,0,0,0,0,0,0,0,0,0,0,0,0,0,0,0,0,0,0,0,0,0,0,0,0,0,0,0,0,0,0,0,0,0,0,0,0,0,0,0,0,0,0,0,0,0,0,0,0,0,0,0,0,2,0,2,2,0,2,2,2,2,2,2,0,2,0,0,0,0,0,0,0,0,0,0,2,2" />
  <property name="SleeperVolumeTriggeredBy" value=" # # # # # # # # # #24#24# # # # # # # # # # # # # # # # # # # # # # # # # # # # # # # # # # # # # # # # # # # # # # # # # # # # # # # # # # # # # # # # # # # # # # # # # # # # # # # # # # # # # # # # # # # # # # # # " />
  <property name="TriggerVolumeSize" value="6, 3, 9#13, 3, 9" />
  <property name="TriggerVolumeStart" value="40, 7, 23#40, 7, 39" />
  <property name="TriggerVolumeTriggers" value="24#24" />
  <property name="EditorGroups" value="Wilderness, government" />
  <property name="QuestTags" value="clear, infested" />
  <property name="Tags" value="wilderness, wildernesspoi" />
  <property name="ThemeTags" value="wildernesspoi, radio" />
  <property name="ThemeRepeatDistance" value="500" />
  <property class="Stats">
    <property name="LightsVolume" value="520446.3" />
    <property name="TotalVertices" value="7714148" />
    <property name="TotalTriangles" value="3004015" />
    <property class="BlockEntities">
      <property name="Vertices" value="7368316" />
      <property name="Triangles" value="2794020" />
    </property>
    <property class="ChunkMeshes0">
      <property name="Vertices" value="326706" />
      <property name="Triangles" value="181907" />
    </property>
    <property class="ChunkMeshes1">
      <property name="Vertices" value="0" />
      <property name="Triangles" value="0" />
    </property>
    <property class="ChunkMeshes2">
      <property name="Vertices" value="2552" />
      <property name="Triangles" value="1276" />
    </property>
    <property class="ChunkMeshes3">
      <property name="Vertices" value="0" />
      <property name="Triangles" value="0" />
    </property>
    <property class="ChunkMeshes4">
      <property name="Vertices" value="0" />
      <property name="Triangles" value="0" />
    </property>
    <property class="ChunkMeshes5">
      <property name="Vertices" value="16574" />
      <property name="Triangles" value="26812" />
    </property>
  </property>
  <property class="IndexedBlockOffsets">
    <property class="Rally">
      <property name="0" value="1, 7, 62" />
    </property>
    <property class="challenge_sinks">
      <property name="0" value="71, 7, 71" />
    </property>
    <property class="POILight">
      <property name="0" value="70, 15, 27" />
    </property>
    <property class="challenge_gore">
      <property name="0" value="68, 7, 69" />
    </property>
    <property class="challenge_cars">
      <property name="0" value="58, 7, 70" />
      <property name="1" value="66, 7, 71" />
    </property>
    <property class="challenge_polymers">
      <property name="0" value="58, 7, 67" />
      <property name="1" value="56, 7, 69" />
      <property name="2" value="56, 8, 69" />
    </property>
    <property class="TraderOnOff">
      <property name="0" value="53, 85, 45" />
    </property>
    <property class="QuestRestorePower">
      <property name="0" value="52, 165, 32" />
      <property name="1" value="52, 184, 33" />
    </property>
    <property class="brBlock">
      <property name="0" value="52, 149, 33" />
      <property name="1" value="52, 149, 35" />
    </property>
    <property class="challenge_mech_parts">
      <property name="0" value="52, 37, 38" />
      <property name="1" value="52, 150, 42" />
      <property name="2" value="52, 14, 45" />
      <property name="3" value="53, 189, 46" />
    </property>
    <property class="challenge_leather">
      <property name="0" value="52, 7, 38" />
      <property name="1" value="52, 7, 39" />
    </property>
    <property class="challenge_elec_parts">
      <property name="0" value="40, 37, 23" />
    </property>
    <property class="challenge_steel">
      <property name="0" value="52, 53, 38" />
      <property name="1" value="52, 184, 38" />
      <property name="2" value="52, 101, 40" />
      <property name="3" value="56, 190, 41" />
      <property name="4" value="52, 53, 43" />
      <property name="5" value="52, 133, 43" />
      <property name="6" value="53, 191, 43" />
      <property name="7" value="52, 53, 44" />
    </property>
    <property class="challenge_pallet">
      <property name="0" value="52, 154, 30" />
      <property name="1" value="52, 155, 30" />
    </property>
  </property>
</prefab>